Index,Headline
1,"
२०० प्रतिशत हकप्रद निष्कासनका लागि घलेम्दी हाइड्रोले पायो नियमन आयोगको अनुमति"
2,"
बरुण हाइड्रोपावरले हकप्रद शेयर निष्कासन गर्ने"
3,"
हकप्रद निष्कासनका लागि अपि पावरले तोक्यो बुक क्लोजको मिति"
4,"
दिब्यश्वरी हाइड्रोपावरले शतप्रतिशत हकप्रद शेयर बिक्री गर्ने"
5,"
रिडी पावरको ५० प्रतिशत हकप्रद विशेष साधारण सभाबाट पारित"
6,"
४० प्रतिशत हकप्रद निष्कासनका लागि अपि पावरले पायो बोर्डको स्वीकृति"
7,"
साङ्गे विद्युतले असार १९ गतेदेखि हकप्रद शेयर बिक्री गर्दै"
8,"
शतप्रतिशत हकप्रद शेयर निष्कासन गर्दै छयाङ्दी हाइड्रो"
9,"
नेशनल हाइड्रोपावरले हकप्रद शेयर निष्कासन गर्न तय गर्याे बुक क्लोज मिति"
10,"
१५० प्रतिशत हकप्रद जारी गर्न आँखुखोला जलविद्युतले पायो आयोगको स्वीकृति"
11,"
शत प्रतिशत हकप्रद शेयर जारी गर्दै सिंगटी हाईड्रो"
12,"
आँखुखोला जलविद्युतले १५० प्रतिशत मात्र हकप्रद विक्री गर्ने"
13,"
हकप्रद निष्कासन गर्दै घलेम्दी हाइड्रो, बिक्री प्रबन्धकमा मुक्तिनाथ क्यापिटल"
14,"
हाथवे स्टक डिलरको ६३ प्रतिशत हकप्रद शेयर जेठ २४ गतेसम्म बिक्रीमा रहने"
15,"
अरुण भ्याली हाइड्रोलाई शतप्रतिशत हकप्रद निष्कासन गर्ने पूर्व स्विकृति पायो"
16,"
बाराही हाइड्रोपावरले शतप्रतिशत हकप्रद बिक्री गर्ने"
17,"
ऋण तिर्न शतप्रतिशत हकप्रद शेयर निष्कासन गर्दै शिवश्री हाइड्रोपावर"
18,"
आँखुखोला जलविद्युतले २०० प्रतिशत हकप्रद शेयर निष्कासन गर्ने"
19,"
घलेम्दी हाइड्रोको २०० प्रतिशत हकप्रद साधारण सभाबाट पारित"
20,"
हकप्रद शेयर विक्रीका लागि हिमाल दोलखाले पायो बोर्डको अनुमति"
21,"
अरुण भ्याली हाइड्रोपावरले शतप्रतिशत हकप्रद शेयर निष्कासन गर्ने"
22,"
रिडी पावरलाई ५० प्रतिशत हकप्रद शेयर निष्कासन गर्न अनुमति"
23,"
हिमालयन उर्जा विकास कम्पनीलाई २०० प्रतिशत हकप्रद शेयर निष्कासनका लागि आयोगको अनुमति"
24,"
अर्किड होल्डिङग्सको हकप्रद शेयर आजदेखि विक्रीमा"
25,"
छ्याङदी हाइड्रोपावरले सत प्रतिशत हकप्रद शेयर निष्काशन गर्ने"
26,"
हाथवे स्टक डिलरले वैशाख ६ गतेदेखि ६३ प्रतिशत हकप्रद शेयर जारी गर्ने"
27,"
अर्किड होल्डिङग्सले चैत २६ गतेदेखि ५३.६६ प्रतिशत हकप्रद शेयर विक्री गर्ने"
28,"
मार्केट पण्डित क्यापिटलको १०५ प्रतिशत हकप्रद शेयर आजदेखि विक्रीमा"
29,"
एशियन क्यापिटलको ११० प्रतिशत हकप्रद शेयर आजदेखि विक्रीमा"
30,"
हकप्रद निष्काशनको तयारीमा जलविद्युत कम्पनीकै बर्चश्व"
31,"
हकप्रद शेयर जारी गर्न मल्टीपर्पस फाइनान्सले दियो सेबोनमा निवेदन"
32,"
एचआइडीसीएलको हकप्रद शेयर सूचीकृत"
33,"
४० प्रतिशत हकप्रद जारी गर्न अवि पावरले पायो आयोगको स्वीकृति"
34,"
अपर तामकोशीले शतप्रतिशत हकप्रद शेयर निष्कासनका लागि बोर्डसँग माग्यो अनुमति"
35,"
शतप्रतिशत हकप्रद जारी गर्न अपर तामाकोशीले पायो स्वीकृति"
36,"
हकप्रद जारी गर्दै माथिल्लो बलेफी–ए हाइड्रोपावर"
37,"
छ्याङ्दी हाइड्रोपावरले १५० प्रतिशत हकप्रद शेयर जारी गर्ने"
38,"
कृति भेन्चर फण्डको ४० प्रतिशत हकप्रद शेयरमा आवेदन दिने अवधि थप"
39,"
आइतवारदेखि २ करोडभन्दा बढी अवितरित हकप्रद शेयर विक्री गर्दै एचआईडिसिएल"
40,"
५० प्रतिशत हकप्रद शेयरको प्रस्तावसहित सिनर्जी पावरले बोलायो विशेष साधारण सभा"
41,"
हकप्रद शेयर निष्कासन गर्दै हिमालय उर्जा विकास कम्पनी"
42,"
सिनर्जी पावरले हकप्रद शेयर निष्काशन गर्ने, पायो आयोगबाट स्वीकृती"
43,"
हकप्रद शेयर जारी गर्दै लाइफ इन्स्योरेन्स विक्री प्रबन्धकमा नेपाल एसबिआई मर्चेण्ट बैंकिङ्ग"
44,"
अपि पावरले हकप्रद शेयर निष्कासन गर्ने, विद्युत नियमन आयोगबाट स्वीकृती पायो"
45,"
हिमालयन उर्जा विकास कम्पनीले २०० प्रतिशत हकप्रद शेयर निष्कासन गर्ने"
46,"
दुई करोडभन्दा बढी अवितरित हकप्रद शेयर विक्री गर्दै एचआईडिसिएल"
47,"
कृति भेन्चरको ४० प्रतिशत हकप्रद शेयर विक्रीमा"
48,"
रिडी पावरले ५० प्रतिशत हकप्रद शेयर जारी गर्ने"
49,"
अपि पावरले ४० प्रतिशत हकप्रद शेयर जारी गर्ने"
50,"
७५ प्रतिशत हकप्रदका लागि हिमाल दोलखाले दियो बोर्डमा निवेदन"
51,"
पिपुल्स इन्भेष्टमेन्टको ३० प्रतिशत हकप्रद शेयरमा आवेदन दिने अवधि थप"
52,"
नेप्सेमा ७ लाखबढि कित्ता शेयर सूचीकृत"
53,"
मुक्तिनाथ कृषि कम्पनीको ५५.५५ प्रतिशत हकप्रद शेयर खरीदका लागि म्याद थप"
54,"
लाइफ इन्स्योरेन्स कर्पोरेशनले बोलायो विशेष साधारण सभा, ८८.४५ प्रतिशत हकप्रद निष्कासन गर्ने"
55,"
घलेम्दी हाइड्रोले २ सय प्रतिशत हकप्रद शेयर निष्कासन गर्ने"
56,"
घलेम्दी हाइड्रोले २ सय प्रतिशत हकप्रद शेयर निष्काशन गर्ने"
57,"
अपर तामाकोशी हाइड्रोपावरको हकप्रद निष्काशनका लागि विक्री प्रबन्धक नियुक्त"
58,"
राधी विद्युत कम्पनीको अवितरित हकप्रद शेयर प्रतिकित्ता १९५ मा विक्री"
59,"
नेशनल हाइड्रोपावरले ५० प्रतिशत हकप्रद निष्कासन गर्ने"
60,"
बरुण हाइड्रोको अवितरित हकप्रद शेयर बाँडफाँट"
61,"
समृद्धि फाइनान्सको अवितरित हकप्रद शेयर तेस्रो पटक लिलामीमा"
62,"
कात्तिक २९ गतेदेखि अवितरित हकप्रद शेयर विक्री गर्दै राधी विद्युत कम्पनी"
63,"
राधी विद्युत कम्पनीको १३ लाखभन्दा बढी कित्ता हकप्रद शेयर लिलामीमा आउने"
64,"
हाइड्रो इलेक्ट्रीसिटीको हकप्रद शेयर सूचीकृत"
65,"
बरुण हाइड्रोको हकप्रद शेयर आजदेखि लिलामीमा"
66,"
एनएमबि क्यापिटलको साधारणसभा कात्तिक १८ गते, लाभांश र शतप्रतिशत हकप्रद शेयरको प्रस्ताव"
67,"
अन्तिम दिनसम्म करिब ७३ प्रतिशत विक्यो राधी विद्युतको हकप्रद"
68,"
राधी विद्युत कम्पनीको हकप्रद शेयर खरिदका लागि आवेदन दिने आज अन्तिम दिन"
69,"
ङादी ग्रुप पावरको अवितरित हकप्रद शेयरको कटअफ मूल्य १६१ रुपैयाँ"
70,"
हकप्रद शेयर बिक्री गर्न मल्टीपर्पस फाइनान्सले पायो राष्ट्र बैंकको अनुमति"
71,"
प्राथमिक बजारमा आईपीओ र हकप्रद शेयर विक्रीमा छ"
72,"
हिमाल दोलखा हाईडोपावरले हकप्रद जारी गर्दै, बिक्री प्रबन्धकमा लक्ष्मी क्यापिटल"
73,"
बरुण हाइड्रोको शतप्रतिशत हकप्रद शेयर खरीदका लागि आवेदन दिने आज अन्तिम दिन"
74,"
ङादी ग्रुप पावरको १२ लाख कित्ता भन्दाबढि हकप्रद शेयर असोज २ गतेदेखि लिलामीमा"
75,"
बरुण हाइड्रोको हकप्रद शेयरमा आवेदन दिने म्याद थप"
76,"
१० अर्बभन्दा बढिको आईपीओ आउँदै, पाइपलाइनमा १८ हाइड्रोपावर"
77,"
असोज ५ गतेदेखि हकप्रद शेयर विक्री गर्दै राधी विद्युत"
78,"
एलआइसीले ८८.४५ प्रतिशत हकप्रद निष्कासन गर्ने"
79,"
एचआईडिसिएलको अवितरित हकप्रद शेयर बाँडफाँट"
80,"
ङादी ग्रुप पावरको हकप्रदमा आवेदन भर्ने आज अन्तिम दिन"
81,"
बरुण हाइड्रोको शतप्रतिशत हकप्रद शेयर आजदेखि निष्कासनमा"
82,"
मुक्तिनाथ क्यापिटलको शतप्रतिशत हकप्रद शेयर भर्ने अवधि थप"
83,"
अपर तामकोशी हाइड्रोपावरलाई शतप्रतिशत हकप्रद शेयर निष्कासनको बाटो खुल्यो"
84,"
हकप्रद जारी गर्न राधी विद्युत कम्पनीले तोक्यो बुक क्लोजको मिति"
85,"
७५ प्रतिशत हकप्रद शेयर निष्कासनको प्रस्ताव सहित हिमाल दोलखा हाइड्रोले बोलायो साधारण सभा"
86,"
हकप्रद शेयर जारी गर्न राधी विद्युत कम्पनीले पायो अनुमति"
87,"
मुक्तिनाथ क्यापिटलको शतप्रतिशत हकप्रद शेयर आजदेखि विक्रीमा"
88,"
ङादी ग्रुप पावरले साउन १८ गतेदेखि हकप्रद शेयर निष्कासन गर्ने"
89,"
एचआईडिसीएलको अवितरित हकप्रद शेयर बाँडफाँट"
90,"
अपि पावरको हकप्रद शेयर नेप्सेमा सूचीकृत"
91,"
शतप्रतिशत हकप्रदका लागि बरुण हाइड्रोपावरले तोक्यो बुक क्लोजको मिति"
92,"
शतप्रतिशत हकप्रद शेयर जारी गर्न बरुण हाइड्रोपावरले पायो बोर्डको अनुमति"
93,"
ङादी ग्रुप पावरद्वारा १५० प्रतिशत हकप्रदका लागि बुक क्लोजको मिति तय"
94,"
ङादी ग्रुप पावरलाई १५० प्रतिशत हकप्रद शेयर निष्कासनका लागि बोर्डको अनुमति"
95,"
नेपाल फाइनान्सले १४ लाखभन्दा बढी अवितरित हकप्रद शेयर असार १७ गतेदेखि लिलामीमा आउने"
96,"
अपि पावरको हकप्रद शेयरमा गोप्य शिलबन्दी बोलपत्र पेश गर्ने आज अन्तिम दिन"
97,"
समृद्धि फाइनान्सको ७ लाख ७२ हजारभन्दा बढी कित्ता हकप्रद शेयर विक्री गर्दै"
98,"
विक्रीमै छ नेपाल फाइनान्सको ७० प्रतिशत हकप्रद शेयर"
99,"
हकप्रद शेयर निष्कासनको लागि दुई कम्पनीले दिए सेबोनमा निवेदन"
100,"
अपि पावरको ४ लाखबढी कित्ता हकप्रद शेयर लिलामीमा आउने"
101,"
नेपाल फाइनान्सको ७० प्रतिशत हकप्रद शेयर विक्रीमा"
102,"
हकप्रद जारी गर्न राधी विद्युतले दियो बोर्डमा निवेदन"
103,"
राधी विद्युतलाई १४७ दशमलव ५२ प्रतिशत हकप्रद जारी गर्न विद्युत नियमन आयोगको अनुमति"
104,"
दुई हाइड्रोपावरलाई हकप्रद निष्कासन गर्न विद्युत नियमन आयोगद्वारा पूर्व स्वीकृति"
105,"
शिखर इन्स्योरेन्सको अवितरित हकप्रद शेयरमा बोलपत्र पेश गर्ने अवधि थप"
106,"
नेपाल फाइनान्सले जेठ ६ गतेदेखि ७० प्रतिशत हकप्रद शेयर विक्री गर्ने"
107,"
आइएमई जनरलको लिलामी शेयरमा आवेदन दिने अवधि थपियो"
108,"
अपि पावरको हकप्रदमा आवेदन दिने आज अन्तिम दिन"
109,"
शिखर इन्स्योरेन्सको ७७ हजारभन्दा बढी कित्ता अवितरित हकप्रद शेयर वैशाख १९ गतेदेखि लिलामीमा आउने"
110,"
कर्पोरेट डेभलपमेन्ट बैंकले अवितरित हकप्रद खरीदका लागि प्राप्त बोलपत्र आज खोल्दै"
111,"
आधारभूत शेयरधनीहरुलाई हकप्रद वापतको रकम अग्रिम रुपमा जम्मा गर्न नेपाल फाइनान्सको आग्रह"
112,"
छ्याङ्दी हाइड्रोपावरको अवितरित हकप्रद शेयर बाँडफाँट"
113,"
समृद्धि फाइनान्सको अवितरित हकप्रद शेयर लिलामीमा आउने"
114,"
शिखर इन्स्योरेन्सको हकप्रद करिब ३५ प्रतिशत मात्र बिक्यो"
115,"
शिखर इन्स्योरेन्सको हकप्रद शेयरमा आवेदन दिने आज अन्तिम दिन"
116,"
समृद्धि फाइनान्सको ९ लाख ४० हजारभन्दा बढी कित्ता हकप्रद शेयर लिलामीमा आउने"
117,"
अपि पावरको हकप्रद पछिको मूल्य तोकियो"
118,"
आइएमई जनरलको हकप्रद शेयरमा आवेदन दिने अन्तिम दिन आज"
119,"
आज नेशनल हाइड्रोपावरको स्थगित साधारण सभा"
120,"
चैत १६ गतेदेखि अवितरित हकप्रद शेयर लिलामीमा बिक्री गर्दै कर्पोरेट डेभलपमेन्ट बैंक"
121,"
नेपाल फाइनान्सले पायो ७० प्रतिशत हकप्रद शेयर विक्रीको अनुमति"
122,"
अपि पावरले चैत २५ गतेदेखि हकप्रद निष्कासन गर्ने, बुक क्लोज कहिले ?"
123,"
अपि पावरले हकप्रद शेयर प्रयोजनका लागि चैत १४ गते बुक क्लोज गर्ने"
124,"
समृद्धि फाइनान्सको हकप्रदमा आवेदन दिने आज अन्तिम दिन"
125,"
अपि पावरलाई १ करोड ८ लाख ६० हजार कित्ता हकप्रद विक्री गर्न बोर्डको स्वीकृति"
126,"
आइएमई जनरल इन्स्योरेन्सको हकप्रद आजदेखि निष्कासन"
127,"
आइएमई जनरल इन्स्योरेन्स कम्पनीले ४० प्रतिशत हकप्रद शेयर निष्कासन गर्दै"
128,"
हकप्रद शेयर जारी गर्ने तयारीमा रहेको अपि पावरको सर्वाधिक कारोबार"
129,"
शिखर इन्स्योरेन्सको हकप्रदमा चैत १ गतेदेखि आवेदन खुल्ने"
130,"
कर्पोरेट डेभलपमेण्ट बैंकको हकप्रद शेयरमा शुक्रबारसम्म आवेदन दिन पाइने"
131,"
समृद्धि फाइनान्सको ५० प्रतिशत हकप्रद शेयर आजदेखि विक्रीमा"
132,"
४० प्रतिशत हकप्रद शेयर विक्री गर्दै आइएमई जनरल इन्स्योरेन्स"
133,"
अन्तिम दिनसम्म छ्याङदी हाइड्रोपावरको हकप्रद शेयर ६५ प्रतिशतभन्दा बढी मात्र विक्यो"
134,"
आइएमई जनरल इन्स्योरेन्स को हकप्रद शेयर सुरक्षित गर्ने अन्तिम दिन बिहिवार"
135,"
समृद्धि फाइनान्सले फागुन ८ गते देखि हकप्रद शेयर निष्कासन गर्दै"
136,"
आइएमई जनरल इन्स्योरेन्सले हकप्रद शेयर निष्कासन प्रयोजनको लागि फागुन १ गते बुक क्लोज गर्ने"
137,"
नेप्सेले गर्यो शिखर इन्स्योरेन्सको शेयरमूल्य समायोजन"
138,"
आइएमई जनरल इन्स्योरेन्सले हकप्रद शेयर निष्कासन प्रयोजनको लागि फागुन १ गते बुक क्लोज गर्ने"
139,"
एक्सेल डेभलपमेण्ट बैंकले शेयरधनीहरुको हितग्राही खातामा जम्मा गर्यो ३० प्रतिशत हकप्रद शेयर"
140,"
३० प्रतिशत हकप्रद शेयर प्रयोजनका लागि शिखर इन्स्योरेन्सले तोक्यो बुक क्लोजको मिति"
141,"
कर्पोरेट डेलभपमेण्ट बैंकको हकप्रद शेयर शुक्रवार देखि विक्री खुला"
142,"
हकप्रद शेयर निष्कासन गर्न लागेको छ्याङदी हाइड्रोपावरको कस्तो छ त वित्तीय अवस्था ?"
143,"
नारायणी डेभलपमेन्ट बैंकको हकप्रद शेयरमा आवेदन दिने अवधि थप"
144,"
नारायणी डेभलपमेन्ट बैंकको हकप्रद शेयर १८.१३ प्रतिशत मात्र बिक्यो"
145,"
कर्पोरेट डेभलपमेण्ट बैंकको १५० प्रतिशत हकप्रद शेयर सुरक्षित गर्ने आइतवार अन्तिम दिन"
146,"
छ्याङदी हाइड्रोपावरले माघ ११ गतेदेखि ३० प्रतिशत हकप्रद शेयर विक्री गर्ने"
147,"
एचआईडिसीएलको अवितरित संस्थापक तर्फको हकप्रद विक्रीका लागि नियमावली संशोधन गरिदै"
148,"
छ्याङदी हाइड्रोपावरको ३० प्रतिशत हकप्रद शेयर सुरक्षित गर्ने अन्तिम दिन मंगलवार"
149,"
एक्सेल डेभलपमेण्ट बैंकको अवितरित हकप्रद शेयरको बाँडफाँट"
150,"
छ्याङदी हाइड्रोपावरले ३० प्रतिशत हकप्रद शेयर प्रयोजनका लागि पुस २१ गते बुक क्लोज गर्ने"
151,"
समृद्धि फाइनान्सको ५० प्रतिशत हकप्रद शेयर सुरक्षित गर्ने आज अन्तिम दिन"
152,"
नारायणी डेभलपमेन्ट बैंकको शतप्रतिशत हकप्रद शेयर बुधवारदेखि विक्री खुला हुने"
153,"
छ्याङ्दी हाइड्रोपावर र कर्पोरेट डेभलपमेण्ट बैंकले हकप्रद शेयर निष्कासन गर्न बोर्डको अनुमति"
154,"
समृद्धि फाइनान्सलाई हकप्रद शेयर निष्कासनका लागि बोर्डको अनुमति"
155,"
एक्सेल डेभलपमेण्ट बैंकको हकप्रद शेयरमा नबिकेको शेयर बुधवारदेखि लिलामीमा"
156,"
एक्सेल डेभलपमेण्ट बैंकको हकप्रद शेयर बाँडफाँट"
157,"
नारायणी डेभलपमेण्ट बैंकलाई शत प्रतिशत हकप्रद निष्कासनको अनुमति"
158,"
एक्सेल डेभलपमेण्ट बैंकको हकप्रद शेयर खरिदका लागि थपिएको अवधि सोमवार सकिदैं"
159,"
ङादी ग्रुप पावरको हकप्रद शेयर विक्री प्रबन्धकमा सिद्धार्थ क्यापिटल नियुक्त"
160,"
अरुण काबेलीको हकप्रदका लागि विक्री प्रबन्धक नियुक्त"
161,"
अरुण काबेली पावरको हकप्रद शेयर निष्कासन प्रक्रिया शुरु"
162,"
एक्सेल डेभलपमेन्ट बैंकको हकप्रद शेयर खरिदका लागि अवधि थप"
163,"
एक्सेल डेभलपमेन्ट बैंकको हकप्रद शेयरमा आवेदन दिने समय थप"
164,"
शतप्रतिशत हकप्रद शेयरको प्रस्ताव गर्दै मुक्तिनाथ क्यापिटलले आव्हान गर्यो विशेष साधारण सभा"
165,"
अपि पावर र नेपाल फाइनान्सद्वारा हकप्रद शेयर निष्कासनका लागि बोर्डमा निवेदन"
166,"
एक्सेल डेभलपमेण्ट बैंकको ३० प्रतिशत हकप्रद शेयर विक्रीमा"
167,"
छ्याङदी हाइड्रोपावरले थप ४० प्रतिशत हकप्रद शेयर निष्कासन गर्ने"
168,"
अपि पावर कम्पनीलाई हकप्रद निष्कासनका लागि विद्युत नियमन आयोगको पूर्व स्वीकृति"
169,"
एचआईडिसिएलको अवितरित हकप्रद शेयरमा बोलकबोल गर्ने आज अन्तिम दिन"
170,"
विद्युत कम्पनीलाई सर्त राखेर २ सय प्रतिशतसम्म हकप्रद निष्कासन गर्ने अनुमति (विस्तृत विवरणसहित)"
171,"
ङादी ग्रुप पावरले पारित गर्यो बोनस र २०० प्रतिशत हकप्रद प्रस्ताव"
172,"
एक्सेल डेभलपमेण्ट बैंकको शेयर समायोजन"
173,"
एचआईडिसिएलको हकप्रद शेयर बाँडफाँट, ३ करोड ६२ लाखभन्दा बढी कित्ता शेयर लिलामीमा आउने"
174,"
अपि पावरको साधारण सभा सम्पन्न, लाभांश र हकप्रद प्रस्ताव पारित"
175,"
सिनर्जी पावरको हकप्रद विक्री प्रबन्धकमा सानिमा क्यापिटल"
176,"
आइएमई जनरलले ४० प्रतिशत हकप्रद शेयर निष्कासन गर्दै"
177,"
नेप्सेमा अपि पावरको हकप्रद शेयर सूचीकृत"
178,"
एचआईडिसीएलको शतप्रतिशत हकप्रदमा आवेदन दिन मंगलवार अन्तिम दिन"
179,"
ङादी ग्रुप पावरले २० प्रतिशत बोनसपश्चात २०० प्रतिशत हकप्रद विक्री गर्ने"
180,"
एक्सेल डेभलपमेण्ट बैंकलाई ३० प्रतिशत हकप्रद विक्री गर्न बोर्डले दियो अनुमति"
181,"
सिनर्जी पावरले १०.५३ प्रतिशत बोनसपछि ५० प्रतिशत हकप्रद विक्री गर्ने"
182,"
एचआईडिसीएलले शतप्रतिशत हकप्रदमा आवेदन दिने अवधि १५ दिन थप"
183,"
एचआईडिसीएलले शतप्रतिशत हकप्रदमा आवेदन दिने दुई दिन मात्र बाँकी"
184,"
अपि पावरको अतिरित हकप्रदका लागि प्राप्त बोलपत्र आज खोलिदै"
185,"
अपि पावरको अतिरित हकप्रद शेयर खरिदका लागि बोलकबोल गर्ने आज अन्तिम दिन"
186,"
समृद्धि फाइनान्सले ५० प्रतिशत हकप्रद शेयर जारी गर्न बोर्डमा दियो निवेदन"
187,"
अपि पावरको अतिरित हकप्रद शेयर आजदेखि लिलामीमा"
188,"
अपि पावरको अवितरित हकप्रद शेयर साउन १३ गतेदेखि लिलामीमा आउने"
189,"
एचआईडिसीएलले शतप्रतिशत हकप्रद शेयर आजदेखि विक्रीमा, कहिलेसम्म दिन पाइन्छ आवेदन ?"
190,"
समृद्धि फाइनान्सको अवितरित हकप्रद शेयरमा गोप्य शिलबन्दी बोलपत्र पेश गर्ने मंगलवार अन्तिम दिन"
191,"
दक्षिण अफ्रिकामा भड्किएको हिंसामा भारतीयहरु 'टार्गेट'"
192,"
अरुणभ्याली हाइड्रोपावरको हकप्रद शेयर शुक्रवार नेप्सेमा सूचीकृत"
193,"
अपि पावरको हकप्रद शेयर बाँडफाँट, नपरेको रकम आइतवारदेखि फिर्ता भुक्तानी"
194,"
समृद्धि फाइनान्स फाइनान्सको अवितरित हकप्रद शेयर आजदेखि लिलामीमा"
195,"
समृद्धि फाइनान्स फाइनान्सको अवितरित हकप्रद शेयर बाँडफाँट"
196,"
अपि पावरको हकप्रद शेयरमा आवेदन दिने आज अन्तिम दिन"
197,"
समृद्धि फाइनान्सको अवितरित हकप्रद शेयर खरिद गर्ने आज अन्तिम दिन"
198,"
अपि पावरको हकप्रदमा आवेदन दिने अवधि थप, अब असार १३ गतेसम्म आवेदन दिन सकिने"
199,"
सारथी नेपाल लघुवित्तको ४ हजार १९९ कित्ता हकप्रद शेयर सूचीकृत"
200,"
राधी विद्युतले लाभांश र हकप्रद पास गर्न बोलायो साधारण सभा"
201,"
शतप्रतिशत हकप्रद शेयर निष्कासनका लागि नारायणी डेभलपमेण्ट बैंकद्वारा बोर्डमा निवेदन"
202,"
समृद्धि फाइनान्स फाइनान्सको अवितरित हकप्रद शेयर आजदेखि लिलामीमा"
203,"
हकप्रद शेयर निष्कासनको प्रस्ताव गर्दै युनियन हाइड्रोपावरले बोलायो साधारण सभा"
204,"
शिखर इन्स्योरेन्स र एक्सेल डेभलपमेण्ट बैंकद्वारा हकप्रद शेयरका लागि बोर्डमा निवेदन"
205,"
शतप्रतिशत हकप्रदपछि  एचआईडिसीएलको शेयरमूल्य समायोजन"
206,"
एचआईडिसीएलको शतप्रतिशत हकप्रद शेयर सुरक्षित गर्ने बिहीवार अन्तिम दिन"
207,"
एचआईडीसीएलको सतप्रतिशत हकप्रदका लागि आज बुक क्लोज"
208,"
समृद्धि फाइनान्सको अवितरित हकप्रद शेयर असार ३ गतेदेखि लिलामीमा आउने"
209,"
नारायणी डेभलपमेण्ट बैंकलाई हकप्रद शेयरका लागि राष्ट्र बैंकबाट स्वीकृति"
210,"
अरुण भ्याली हाइड्रोपावरको हकप्रद शेयर बाँडफाँट"
211,"
अपि पावरले २९.३८ प्रतिशत हकप्रद शेयर विक्री गर्दै"
212,"
शिखर इन्स्योरेन्सको हकप्रद शेयर निष्कासनका लागि विक्री प्रबन्धक"
213,"
एचआईडिसीएलले शतप्रतिशत हकप्रद शेयरका लागि जेठ २८ गते बुक क्लोज गर्ने"
214,"
राधी विद्युतले बोनसपश्चात १४७ दशमलव ५२ प्रतिशत हकप्रद शेयर विक्री गर्ने"
215,"
एचआईडिसीएलले शतप्रतिशत हकप्रद शेयर निष्कासनका लागि पायो अनुमति"
216,"
जेठ २० गतेदेखि हकप्रद शेयर विक्री गर्दै अपि पावर"
217,"
अरुण भ्याली हाइड्रोपावरको हकप्रद शेयरमा आवेदन गर्ने आज अन्तिम दिन"
218,"
हकप्रद निष्कासनको तयारीमा रहेको अपि पावरको खुद नाफा यस वर्ष १०८ प्रतिशतले बृद्धि"
219,"
अरुण भ्याली हाइड्रोपावरको हकप्रद शेयरमा आवेदन दिन समय थपियो"
220,"
हकप्रदका लागि बैशाख २९ गते एक दिन बुक क्लोज गर्दै अपि पावर"
221,"
हकप्रद निष्कासन गर्न अपि पावरले पायो बोर्डको अनुमति"
222,"
छ्याङदी हाइड्रोपावरले हकप्रद निष्कासनका लागि बोर्डमा दियो निवेदन"
223,"
आइतवार आइएमई जनरलको लाभांशसँगै हकप्रद शेयरको प्रस्ताव पास हुँदै"
224,"
अरुणभ्याली हाइड्रोपावरको ५० प्रतिशत हकप्रद शेयर सोमबारदेखि विक्रीमा"
225,"
अजोड इन्स्योरेन्सले स्थगित गर्यो हकप्रद शेयरको प्रस्ताव"
226,"
साना किसान विकास लघुवित्तको अवितरित हकप्रद शेयर बाँडफाँट"
227,"
आईएमई जनरल इन्स्योरेन्सले ४० प्रतिशत हकप्रद शेयर जारी गर्ने"
228,"
नारायणी डेभलपमेण्ट बैंकको हकप्रद शेयरको बोलपत्र आज खोलिदैं"
229,"
बैशाख ६ गतेदेखि हकप्रद शेयर विक्री खुला गर्दै अरुणभ्याली हाइड्रोपावर"
230,"
मल्टीपर्पस फिनान्सको हकप्रद शेयरमा परेको बोलपत्र चैत २० गते खोलिने"
231,"
हकप्रद निष्कासन गर्न एचआईडिसीएलले दियो बोर्डमा निवेदन"
232,"
नागरिक लगानी कोषको अवितरित हकप्रद शेयर बाँडफाँट"
233,"
सहारा विकास बैंकको हकप्रद सहित सोमबार नेप्सेमा चार कम्पनीको शेयर सूचीकृत"
234,"
किसान लघुवित्तले राष्ट्र बैंकको सुझाब बमोजिम हकप्रदको प्रस्ताव हटायो"
235,"
दुई कम्पनीको अवितरित हकप्रद शेयरमा बोलपत्र पेश गर्ने शुक्रवार अन्तिम दिन"
236,"
साना किसान लघुवित्तको अवितरित हकप्रद शेयरमा बोलकबोल गर्ने शुक्रबार अन्तिम दिन"
237,"
किसान लघुवित्तले शतप्रतिशत हकप्रद शेयर निष्कासनको प्रस्ताव हटायो"
238,"
अरुणभ्याली हाइड्रोपावरको हकप्रद प्रयोजनका लागि मूल्य समायोजन"
239,"
अरुणभ्याली हाइड्रोपावरले ५० प्रतिशत हकप्रदका लागि सोमबार बुक क्लोज गर्ने"
240,"
शतप्रतिशत हकप्रद शेयर विक्रीको प्रस्ताव गदैं किसान लघुवित्तले बोलायो साधारण सभा"
241,"
सात महिनामा २५ अर्ब ३ करोडको शेयर निष्कासन अनुमति"
242,"
नारायणी डेभलपमेण्ट बैंकको अवितरित हकप्रद शेयर लिलामी विक्री खुला"
243,"
नारायणी डेभलपमेण्ट बैंकले अवितरित हकप्रद शेयर आजदेखि लिलामीमा"
244,"
नागरिक लगानी कोषको हकप्रद भर्ने आज अन्तिम मौका"
245,"
नारायणी डेभलपमेण्ट बैंकले अवितरित हकप्रद शेयर सोमबारदेखि"
246,"
हकप्रद प्रयोजनका लागि अरुणभ्याली हाइड्रोपारले तोक्यो बुक क्लोज मिति"
247,"
अरुणभ्याली हाइड्रोलाई हकप्रद शेयर विक्रीको लागि बोर्डको अनुमति"
248,"
नारायणी डेभलपमेण्ट बैंकले अवितरित हकप्रद शेयर चैत ३ गतेदेखि लिलामीमा विक्री गर्ने"
249,"
संस्थापकले किनेनन् मल्टिप्रपोज फिनान्सको शेयर, १७ लाख कित्ता अब सर्वसाधारणलाई"
250,"
नारायणी डेभलपमेन्ट बैंकको हकप्रद शेयर बाँडफाँट, २३ हजारभन्दा बढी कित्तामा परेन आवेदन"
251,"
तिन कम्पनीको लिलामी शेयरमा बोलकबोल गर्ने आज अन्तिम दिन"
252,"
अपि पावरले हकप्रद निष्कासनका लागि बोर्डसँग माग्यो अनुमति"
253,"
नागरिक लगानी कोषको हकप्रद बाँडफाँट"
254,"
नारायणी डेभलपमेन्ट बैंकलको शतप्रतिशत हकप्रद भर्ने अन्तिम दिन आज"
255,"
नागरिक लगानी कोषको हकप्रदमा आवेदन दिने आज अन्तिम दिन"
256,"
समृद्धि फाइनान्सको हकप्रद शेयर नेप्सेमा सूचीकृत"
257,"
नारायणी डेभलपमेन्ट बैंकलको शतप्रतिशत हकप्रद मंगलबारदेखि विक्रीमा"
258,"
नेपाल फाइनान्सको लिलामी शेयर बाँडफाँडमा नपरेको रकम फिर्ता भुक्तानी आजदेखि"
259,"
स्वावलम्बन लघुवित्तको लाभांश स्वीकृत"
260,"
नारायणी डेभलपमेन्ट बैंकको शतप्रतिशत हकप्रद पुस २८ गतेसम्म कायम शेयरधनीहरुले मात्र भर्न पाउने"
261,"
नागरिक लगानी कोषको ८२.८४ प्रतिशत हकप्रद शेयर बिक्री खुला"
262,"
नागरिक लगानी कोषले मंगलबारदेखि ८२.८४ प्रतिशत हकप्रद शेयर विक्री  गर्ने"
263,"
नारायणी डेभलपमेन्ट बैंकले शतप्रतिशत हकप्रद शेयर निष्कासन गर्ने"
264,"
नारायणी डेभलपमेण्ट बैंकले शतप्रतिशत हकप्रदपछि २ सय प्रतिशत हकप्रद विक्री गर्ने"
265,"
नारायणी डेभलपमेण्ट बैंकलाई हकप्रद विक्री गर्न बोर्डको अनुमति"
266,"
चन्द्रनिगाहपूर सौर्य विद्युतको वित्तीय व्यवस्थापन, लिलामको शेयर बाँडफाँट"
267,"
नागरिक लगानी कोषको हकप्रद शेयर सुरक्षित गर्ने आज अन्तिम दिन"
268,"
नागरिक लगानी कोषले पुस २८ गतेदेखि हकप्रद विक्री गर्ने"
269,"
नेपाल फाइनान्सको हकप्रद शेयर बाँडफाँड"
270,"
अपि पावरको अवितरित हकप्रद लिलामीमा"
271,"
छ्याङदी हाइड्रोपावरको बोनस शेयरपश्चात ३० प्रतिशत हकप्रद"
272,"
अपि पावरको १३ लाख ४६ हजार हकप्रद शेयर लिलामीमा"
273,"
नेपाल फाइनान्सको १२५ प्रतिशत हकप्रद शेयर भर्ने आज अन्तिम दिन"
274,"
अपि पावरको हकप्रद शेयरमा १३ लाखबढी कित्तामा परेन आवेदन"
275,"
अपि पावरको हकप्रद बाँडफाँड"
276,"
नेपाल फाइनान्सको १२५ प्रतिशत हकप्रद शेयर आजदेखि बिक्रीमा"
277,"
मेगा बैंकको अवितरित हकप्रद शेयर नेप्सेमा सूचीकृत"
278,"
अपि पावरको शेयरमूल्य समायोजन"
279,"
अपि पावरको ४७ प्रतिशत हकप्रद भर्ने भोली अन्तिम दिन"
280,"
४७ प्रतिशत हकप्रद विक्री गरिरहेको अपि पावरको पहिलो त्रैमासमा कस्तो छ प्रगति ?"
281,"
नेपाल फाइनान्सको हकप्रद मंसिर ४ गतेदेखि विक्रीमा आउने"
282,"
अपि पावरको हकप्रद शुक्रबारदेखि विक्रीमा, कहिलेसम्म भर्न पाइन्छ ?"
283,"
समृद्धि फाइनान्सको हकप्रद भर्ने विहीबार अन्तिम दिन"
284,"
नेपाल फाइनान्सले १२५ प्रतिशत हकप्रदमा शेयरमूल्य समायोजन"
285,"
यो साता धितोपत्र बजारमा थपियो २ करोड कित्ताभन्दा बढी शेयर"
286,"
सात कम्पनीको हकप्रद आउँदै, बन्द भएको कम्पनीको पनि हकप्रद"
287,"
नेपाल फाइनान्सको हकप्रद शेयरका लागि कात्तिक ६ गते बुुक क्लोज"
288,"
अरुणभ्याली हाइड्रोले शतप्रतिशत हकप्रद विक्री गर्ने"
289,"
६ कम्पनीको शेयर लिलामी : नेको इन्स्योरेन्सको सबैभन्दा बढी"
290,"
अपि पावरको ४७ प्रतिशत हकप्रद कात्तिक १४ गतेदेखि विक्री खुला हुदैं"
291,"
नेपाल फाइनान्सलाई हकप्रद विक्री गर्न बोर्डको अनुमति"
292,"
गुँरास लाइफले लिलामी शेयर भर्ने आज अन्तिम दिन"
293,"
मेगा बैंकको अवितरित हकप्रद शेयरमा आवेदन दिने आज अन्तिम दिन"
294,"
सिभिल बैंकको ८ लाखभन्दा बढी शेयर लिलामीमा"
295,"
समृद्धि फाइनान्सको २०० प्रतिशत हकप्रद शेयर भोलिदेखि निष्कासन"
296,"
सिभिल लघुवित्तको शतप्रतिशत हकप्रद शेयर बाँडफाँट"
297,"
बैंक अफ काठमाण्डूको लिलामी शेयरको बाँडफाँट"
298,"
नेको इन्स्योरेन्सले संस्थापक शेयर लिलामी प्रकृयाबाट विक्री गर्ने"
299,"
सात महिनाअघि स्वीकृति पाएको अपि पावरको हकप्रद निष्कासनको बाटो खुल्यो"
300,"
गुँरास लाइफको अवितरित हकप्रद शेयर मंगलवारदेखि लिलामीमा आउने"
301,"
मेगा बैंकले तीन वर्षअघि नबिकेको हकप्रद आजदेखि विक्री खुला गर्यो"
302,"
नेपाल फाईनान्सको हकप्रद पारित"
303,"
समृद्धि फाइनान्सको हकप्रद असोज १६ गतेदेखि"
304,"
गुँरास लाइफले अवितरित हकप्रद शेयर लिलामीमा विक्री गर्ने"
305,"
५ वटा कम्पनी हकप्रद शेयर निष्काशनको प्रक्रियामा"
306,"
समीट लघुवित्तले लाभांश नदिने"
307,"
नेशनल माइक्रोफाइनान्सको १ लाख १० हजार कित्ता संस्थापक शेयर विक्री खुला"
308,"
बैंक अफ काठमाण्डूले संस्थापक शेयर मंगलवारदेखि पुनः विक्रीमा"
309,"
नागरिक लगानीकोषको ५० हजार कित्ता संस्थापक शेयर आजदेखि विक्रीमा"
310,"
हकप्रद शेयरको प्रस्ताव गर्दै नारायणी डेभलपमेण्ट बैंकले बोलायो साधारण सभा"
311,"
इन्स्योरेन्स कम्पनीले धमाधम विक्री गर्न थाले बैंकको शेयर, एनसीसी बैंकको शेयर लिलामीमा"
312,"
८२ प्रतिशत हकप्रद निष्कासन गर्न लागेको नागरिक लगानी कोषको शेयर प्रिमियर इन्स्योरेन्सले बेच्दै"
313,"
शिखर इन्स्योरेन्सको हकप्रद हितग्राही खातामा जम्मा"
314,"
सहारा विकास बैंकको लिलामी शेयरमा आवेदन दिने अवधि सकिदैं"
315,"
दुई कम्पनीको शेयर नेप्सेमा सूचीकृत"
316,"
शिखर इन्स्योरेन्सको ३० प्रतिशत हकप्रद शेयर सूचीकृत"
317,"
डियरवाक ग्रुपले पनि हकप्रद शेयर जारी गर्यो"
318,"
समृद्धि फाइनान्सलाई दुई सय प्रतिशत हकप्रद शेयर विक्री गर्न बोर्डको अनुमति"
319,"
तिनाउ मिसनको हकप्रद शेयर राष्ट्र बैंकबाट अस्वीकृत, बोनस मार्फत पूँजी बढाउन निर्देशन"
320,"
सहारा विकास बैंकको अवितरित हकप्रद शेयर विक्रीमा आउने"
321,"
शिखर इन्स्योरेन्सको अवितरित हकप्रद शेयर आजदेखि विक्री खुला"
322,"
एनएलजी इन्स्योरेन्सको ६० प्रतिशत हकप्रद शेयर बाँडफाँड"
323,"
नागरिक लगानीकोषको ५० हजार कित्ता संस्थापक शेयर विक्रीमा"
324,"
जनउत्थान सामूदायिक लघुवित्तको लाभांश पारित, २ सय प्रतिशत हकप्रद जारी गर्ने"
325,"
एनएलजी इन्स्योरेन्सको ६० प्रतिशत हकप्रद शेयर भर्ने आज अन्तिम दिन"
326,"
लुम्बिनी जनरल इन्स्योरेन्सको बोनस शेयर पारित"
327,"
प्रुडेन्सियल इन्स्योरेन्सको हकप्रदमा आवेदन दिने भोलि अन्तिम दिन"
328,"
गुराँस लाइफ इन्स्योरेन्सको शतप्रतिशत हकप्रद शेयर आइतबारदेखि विक्रीमा"
329,"
शिखर इन्स्योरेन्सको रोकिएको हकप्रद शेयर असार १४ गतेदेखि निष्कासन हुने"
330,"
गुराँस लाइफको हकप्रद निष्कासन असार १४ गतेदेखि"
331,"
प्रुडेन्सियल इन्स्योरेन्सको स्थगित हकप्रद पुनः निष्कासन"
332,"
सिभिल लघुवित्तद्वारा साधारण सभा आव्हान, लाभांश र हकप्रद पारित गर्दै"
333,"
तिनाउँ मिसन डेभलपमेण्टद्वारा साधारणसभा आव्हान, बोनस र हकप्रद पारित गर्दै"
334,"
लगानी कोषद्वारा साधारण सभा आव्हान, लाभांश सहित हकप्रदको प्रस्ताव"
335,"
प्रुडेन्सियल इन्स्योरेन्सको ६० प्रतिशत हकप्रदको विक्री जारी"
336,"
लकडाउनका कारण रोकियो यी दुई कम्पनीको हकप्रद"
337,"
प्रुडेन्सियल र एनएलजी इन्स्योरेन्सको हकप्रद विक्रीमै"
338,"
दुई कम्पनीको हकप्रद शेयर विक्री रोकियो"
339,"
एनएलजी इन्स्योरेन्सको ६० प्रतिशत हकप्रद भर्ने अवधि थप"
340,"
समृद्धि फाइनान्सद्धारा दुई सय प्रतिशत हकप्रद निष्कासन गर्न माग"
341,"
अपि पावरको शेयर मूल्य समायोजन, बोनस शेयर र हकप्रद प्रस्ताव गर्दै"
342,"
गुँरास लाइफको शत प्रतिशत हकप्रद क–कस्ले भर्न पाउने ?"
343,"
अपि पावरको बुक क्लोज  मिति फेरियाे"
344,"
प्रुडेन्सियल इन्स्योरेन्सको हकप्रद आइतवारदेखि किन्न पाइने"
345,"
लुम्बिनी जनरल इन्स्योरेन्सको शेयर बुधबारदेखि लिलामीमा"
346,"
दुई इन्स्योरेन्स कम्पनीको मूल्य समायोजन"
347,"
सिभिल लघुवित्तको हकप्रद आउने भयो"
348,"
लुम्बिनी जनरलको हकप्रद शेयरको बाँडफाँट"
349,"
साल्ट ट्रेडिङको ३५ प्रतिशत लाभांश दिने"
350,"
एनएमबी लघुवित्तको हकप्रद शेयर बाँडफाँड"
351,"
साधना लघुवित्तले आइपीओ निष्कासन गर्ने"
352,"
सामुदायिक लघुवित्तले  बोनस र हकप्रद पारित गर्यो"
353,"
युनाइटेड इन्स्योरेन्सको संस्थापक शेयरधनी बन्ने  आज अन्तिम"
354,"
सोमबारसम्मका शेयरधनीहरुले मात्र नबिल र तारागाउँको लाभांश पाउने"
355,"
लुम्बिनी जनरलको हकप्रद सेयर खुल्यो"
356,"
लुम्बिनी इन्स्योरेन्सको हकप्रद २४ गतेदेखि"
357,"
मुक्तिनाथ विकास बैंकले बोनस दिने"
358,"
सूर्या लाइफले हकप्रदमा नपरेको पैसा कात्तिक १३ बाट फिर्ता दिँदै"
359,"
एनएमबि लघुवित्तको हकप्रद कात्तिक २४ गतेदेखि, ६ गतेसम्मका शेयरधनीले आवेदन दिन पाउने"
360,"
शिखर इन्स्योरेन्सले हकप्रद दिने तयारी"
361,"
मार्जिन कारोबार तत्काल सुरु गर्न नेप्सेलाई फेरि अर्को निर्देशन"
362,"
बेष्ट फाइनान्सको लिलामी शेयर बाँडफाँड"
363,"
वोमी लघुवित्तको अवितरित हकप्रद लिलामीमा"
364,"
समता लघुवित्तको २ सय प्रतिशत हकप्रदका लागि असोज १ गते बुक क्लोज"
365,"
हकप्रद निष्कासन गर्न दुई इन्स्योरेन्स कम्पनीद्वारा अनुमति माग"
366,"
ग्लोबल आइएमई लघुवित्तको हकप्रद भर्ने आज अन्तिम दिन"
367,"
सिर्जना फाइनान्सको हकप्रदमा बुक क्लोज मिति सर्यो"
368,"
मुक्तिनाथ विकास बैंकको हकप्रद खुल्यो"
369,"
समता माइक्रोफाइनान्सको २ सय प्रतिशत हकप्रद स्वीकृत"
370,"
बुधबारबाट बेष्ट फाइनान्सको हकप्रद शेयर लिलामीमा"
371,"
सूर्या लाइफको ७० प्रतिशत हकप्रद सेयर बिक्री खुल्ला"
372,"
सूर्या लाइफको हकप्रद आइतबारदेखि"
373,"
बेष्ट फाइनान्सको हकप्रद शेयर लिलामीमा, खरिद कहाँबाट गर्ने ?"
374,"
जनउत्थान सामुदायिक लघुवित्तको हकप्रद शेयर लिलामीमा"
375,"
शिखर इन्स्योरेन्सको हकप्रद प्रस्ताव पारित"
376,"
मल्टीपर्पसको हकप्रद शेयरमा आवेदन दिने अवधि थप"
377,"
सूर्या लाइफ इन्स्योरेन्सको हकप्रद भदौ ८ गतेबाट"
378,"
मल्टीपर्पसको हकप्रद शेयर भर्ने आइतबार अन्तिम दिन"
379,"
पुँजीगत लाभकर समस्या ३ दिन भित्र समाधान गर्न धितोपत्र बोर्डलाई लिखित निर्देशन"
380,"
एभरेष्ट इन्स्योरेन्सको हकप्रद शेयर लिलामीमा"
381,"
बीमा कम्पनीहरू हकप्रदबाट चुक्ता पुँजी पुयाउँदै"
382,"
युनाइटेड इन्स्योरेन्सको २४० प्रतिशत हकप्रद भदौ ३ गतेदेखि"
383,"
एचआईडीसीएलको हकप्रदलाई ग्रेड ४ प्लस रेटिङ"
384,"
जनउत्थान सामुदायिक लघुवित्तको हकप्रद आवेदन दिने बुधवार अन्तिम"
385,"
मुक्तिनाथ विकास बैंकले हकप्रद दिने"
386,"
गुराँस लाइफको ९० हजार ५७१ कित्ता शेयरमा आवेदन दिने शुक्रबार अन्तिम दिन"
387,"
शिखर इन्स्योरेन्सले हकप्रद शेयर जारी गर्दै"
388,"
हकप्रद सेयर जारी गर्दै शिखर इन्स्योरेन्स"
389,"
२४० प्रतिशत हकप्रदको लागि युनाइटेड इन्स्योरेन्सको बुक क्लोज हुँदै"
390,"
एचआइडिसीएल शतप्रतिशत हकप्रद निष्कासनको तयारीमा"
391,"
एनएमबि माइक्रोफाइनान्सको १५० प्रतिशत हकप्रद आउँदै"
392,"
साउन तेस्रो सातादेखि ग्लोबल आइएमई लघुवित्तको हकप्रद सेयर आउँदै"
393,"
गुराँस लाइफको संस्थापक शेयर नै विकेन, पुन लिलामीको  सूचना"
394,"
मुक्तिनाथ विकास बैंकको हकप्रद शेयर स्वीकृत"
395,"
अब  हकभन्दा बढी हकप्रद शेयर किन्न पाइने"
396,"
ग्लोबल आइएमई लघुवित्तको शतप्रतिशत हकप्रद शेयर आउँदै"
397,"
ग्लोबल आईएमई लघुवित्तको हकप्रदका लागि बुक क्लोज साउन १ गते बन्द"
398,"
मल्टीपर्पस हकप्रद आजदेखि खुल्ला"
399,"
वोमी लघुवित्तको शत प्रतिशत हकप्रद शेयर साउन ९ गतेदेखि खुल्ला"
400,"
स्वरोजगार लघुवित्त मर्जर गएपछि शतप्रतिशत हकप्रद दिने"
401,"
एभरेष्ट इन्स्योरेन्सको ३ सय प्रतिशत हकप्रद भर्ने आज अन्तिम दिन"
402,"
एभरेष्ट इन्स्योरेन्सको ३ सय प्रतिशत हकप्रद भोलिसम्म मात्रै भर्न पाइने"
403,"
जनउत्थान सामुदायिक लघुवित्तको हकप्रद आजबाट खुला"
404,"
चुक्तापुँजी पुर्याउन प्रुडेन्सियल इन्स्योरेन्सले ६० प्रतिशत हकप्रद दिँदै"
405,"
युनाइटेड इन्स्योरेन्सको हकप्रद शेयर आउँदै"
406,"
उन्नति लघुवित्तको हकप्रद शेयर डिम्याटमा जम्मा"
407,"
मल्टीपर्पस फिनांस कम्पनीको हकप्रद असार २३ गतेदेखि"
408,"
मानुषी लघुवित्तले हकप्रद शेयर जारी गर्दै"
409,"
मेरोमाइक्रोफाइनान्सको लिलामी शेयर बाँडफाँड"
410,"
दुई माइक्रो फाइनान्स एक्वायरको सम्झौता, एक्वायरपछि ९१ः१० हकप्रद शेयर जारी गर्ने"
411,"
नेपाल इन्भेष्टमेण्टको बजार मुल्यभन्दा कममा शेयर किन्ने आज अन्तिम दिन"
412,"
चौतारी र आरम्भ एक हुँदै, आरम्भको हकप्रद शेयर स्थगित"
413,"
एनएलजी इन्स्योरेन्सको ६० प्रतिशत हकप्रद प्रस्ताव पारित"
414,"
एभरेष्ट इन्स्योरेन्सको ३ सय प्रतिशत हकप्रद भर्ने आजदेखि खुला"
415,"
एनएलजी इन्स्योरेन्सको ६० प्रतिशत हकप्रदका निम्ति विशेष साधारणसभा हुँदै"
416,"
एभरेष्ट इन्स्योरेन्सको ३ सय प्रतिशत हकप्रद भोलिदेखि"
